Language,Average Sentence Length
ar,16.944444444444443
de,11.931818181818182
en,15.666666666666666
es,17.390243902439025
fr,18.870967741935484
it,14.615384615384615
ja,34.5
ko,10.175438596491228
pt,11.677966101694915
ru,11.204081632653061
tr,11.32258064516129
vi,21.862068965517242
zh,50.0
