,pt,fr,it,vi,ko,ar,es,ja,de,ru,zh,en,tr
Average Words per Sample,16.72340425531915,21.151515151515152,21.52173913043478,13.721518987341772,11.478260869565217,33.65,19.9,17.416666666666668,11.568627450980392,14.0625,23.83783783783784,20.76923076923077,13.059701492537313
Lexical Diversity,0.4910941475826972,0.48567335243553006,0.49292929292929294,0.5424354243542435,0.6704545454545454,0.5512630014858841,0.47613065326633164,0.4665071770334928,0.6033898305084746,0.642962962962963,0.5759637188208617,0.5,0.6285714285714286
