,pt,fr,it,vi,ko,ar,es,ja,de,ru,zh,en,tr,Global
n_lang,13.0,13.0,13.0,13.0,13.0,13.0,13.0,13.0,13.0,13.0,13.0,13.0,13.0,169.0
n_text,614.0,614.0,614.0,614.0,614.0,614.0,614.0,614.0,614.0,614.0,614.0,614.0,614.0,7982.0
n_text_per_lang,47.0,33.0,23.0,79.0,69.0,20.0,40.0,48.0,51.0,48.0,37.0,52.0,67.0,614.0
mean_tokens_per_text,16.72340425531915,21.151515151515152,21.52173913043478,13.721518987341772,11.478260869565217,33.65,19.9,17.416666666666668,11.568627450980392,14.0625,23.83783783783784,20.76923076923077,13.059701492537313,238.86100261142906
mean_text_length_per_lang,86.27659574468085,111.03030303030303,112.1304347826087,74.56962025316456,40.94202898550725,156.6,107.375,33.708333333333336,73.7843137254902,82.3125,42.648648648648646,107.46153846153847,80.53731343283582,1109.3766303981108
